{
    "main.grapple": {
        "sounds": [
            {
                "name": "grapple"
            }
        ],
        "category": "player"
    },
    "main.titan_transformation": {
        "sounds": [
            {
                "name": "titan_transformation"
            }
        ],
        "category": "player"
    },
    "main.titan_transformation2": {
        "sounds": [
            {
                "name": "titan_transformation2"
            }
        ],
        "category": "player"		
    },
    "main.eren_spikes_sound": {
        "sounds": [
            {
                "name": "eren_spikes_sound"
            }
        ],
        "category": "player"
    }
}